sv,species
sv-1,Desulfovibrio desulfuricans/intestinalis
sv-2,Cetobacterium
sv-3,Enterococcus italicus
sv-4,Comamonadaceae
sv-5,Chitinophagaceae
sv-6,Oxalobacter_formigenes/Herbaspirillum_seropedicae
sv-7,Lactobacillus pontis
sv-8,Ihubacter
sv-9,Hespellia
sv-10,Enterobacter hormaechei/ludwigii
sv-11,Sanguibacteroides justesenii
sv-12,Phocea
sv-13,Lachnoanaerobaculum
sv-14,Desulfovibrio legallii
sv-15,[Clostridium] celerecrescens
sv-16,Lachnoclostridium phocaeense
sv-17,Rahnella
sv-18,Barnesiella/Porphyromonas
sv-19,Roseburia inulinivorans
sv-20,Anaerobutyricum hallii
sv-21,Parolsenella catena
sv-22,Caproiciproducens
sv-23,Duodenibacillus
sv-24,Chromobacteriaceae
sv-25,Veillonella rodentium
sv-26,Negativibacillus
sv-27,Bacteroides thetaiotaomicron
sv-28,Veillonella parvula/tobetsuensis
sv-29,Acidaminococcus intestini
sv-30,Megasphaera micronuciformis
sv-31,[Clostridium] indolis/methoxybenzovorans
sv-32,[Ruminococcus] gnavus
sv-33,[Ruminococcus] torques
sv-34,Holdemania
sv-35,Anaerococcus vaginalis
sv-36,Blautia producta
sv-37,Anaerococcus lactolyticus
sv-38,Parvimonas micra
sv-39,Bacteroides
sv-40,Bacteroides fragilis
sv-41,Granulicatella
sv-42,Sphingopyxis
sv-43,Enterobacter cloacae complex
sv-44,Bittarella massiliensis
sv-45,Lactobacillus murinus
sv-46,Cellulosilyticum
sv-47,Sutterella megalosphaeroides
sv-48,Pasteurellaceae
sv-49,Eggerthella sinensis/timonensis
sv-50,Flintibacter
sv-51,Clostridium butyricum
sv-52,Senegalimassilia anaerobia
sv-53,Enterobacter ludwigii
sv-54,Spiroplasma
sv-55,Clostridioides difficile
sv-56,Staphylococcus sciuri
sv-57,Brucella/Ochrobactrum
sv-58,Dialister pneumosintes
sv-59,Tyzzerella/Butyrivibrio
sv-60,Cuneatibacter caecimuris
sv-61,Eubacterium pyruvativorans
sv-62,Anaerostipes
sv-63,Lactobacillus sanfranciscensis
sv-64,Veillonella parvula/rogosae/tobetsuensis
sv-65,Desulfohalobiaceae/Rhodobacteraceae
sv-66,Methanosphaera
sv-67,Methanosphaera stadtmanae
sv-68,Acidobacteria <Acidobacteria>
sv-69,Weissella ghanensis
sv-70,Schaalia turicensis
sv-71,Clostridium neonatale
sv-72,Prevotella melaninogenica/scopos
sv-73,Peptoniphilus asaccharolyticus
sv-74,Pseudomonas fragi
sv-75,Pseudomonas fluorescens
sv-76,Victivallis vadensis
sv-77,Victivallis
sv-78,Roseburia intestinalis
sv-79,Tepidiphilus
sv-80,Jonquetella anthropi
sv-81,Campylobacter concisus
sv-82,Mycoplasma
sv-83,Bacteroides rodentium/uniformis
sv-84,Eggerthellaceae
sv-85,Campylobacter jejuni
sv-86,Atopobiaceae
sv-87,Christensenella timonensis
sv-88,Roseburia hominis
sv-89,Gracilibacter thermotolerans
sv-90,Fenollaria
sv-91,Comamonas aquatica/kerstersii
sv-92,Granulicatella elegans
sv-93,Lactobacillus johnsonii
sv-94,Lactobacillaceae
sv-95,Alistipes obesi
sv-96,Tyzzerella/Abyssivirga
sv-97,Gordonibacter urolithinfaciens
sv-98,Streptococcus mitis
sv-99,Anaeroglobus geminatus
sv-100,Nitrosomonas oligotropha
sv-101,Acinetobacter johnsonii
sv-102,Enterobacter hormaechei
sv-103,Succiniclasticum
sv-104,Christensenella massiliensis
sv-105,Weeksella virosa
sv-106,Blautia coccoides/producta
sv-107,Terrisporobacter glycolicus/mayombei
sv-108,Criibacterium
sv-109,Anaerostipes butyraticus
sv-110,Paraprevotella
sv-111,Gammaproteobacteria
sv-112,Clostridium beijerinckii/butyricum
sv-113,Actinokineospora
sv-114,Streptococcus intermedius
sv-115,Gottschalkiaceae
sv-116,Streptococcus equinus
sv-117,Dorea longicatena
sv-118,Negativibacillus massiliensis
sv-119,Massilimaliae timonensis
sv-120,Bacteroides kribbi/ovatus
sv-121,Cloacibacillus porcorum
sv-122,Merdibacter massiliensis
sv-123,Kallipyga
sv-124,Enorma massiliensis
sv-125,Streptococcus infantis/peroris
sv-126,Blautia obeum
sv-127,Weissella koreensis
sv-128,Anaeromassilibacillus senegalensis
sv-129,Sneathia amnii
sv-130,Lachnoanaerobaculum umeaense
sv-131,Pseudomonas mandelii
sv-132,Barnesiellaceae
sv-133,Desulfovibrio piger
sv-134,Megasphaera
sv-135,Bacteroides nordii
sv-136,Prevotella bergensis
sv-137,Acidaminococcus fermentans
sv-138,Streptococcus gordonii/himalayensis
sv-139,Proteus penneri/vulgaris
sv-140,Coprococcus comes
sv-141,Mediterranea
sv-142,Gammaproteobacteria/Alphaproteobacteria
sv-143,Allisonella histaminiformans
sv-144,[Clostridium] leptum
sv-145,Enterococcus avium
sv-146,Leuconostoc mesenteroides
sv-147,Blautia coccoides
sv-148,[Clostridium] clostridioforme
sv-149,Clostridium carnis
sv-150,[Eubacterium] siraeum
sv-151,Eubacterium ramulus
sv-152,[Eubacterium] rectale
sv-153,Eubacterium ventriosum
sv-154,Blautia wexlerae
sv-155,Clostridiaceae/Clostridiales_Family_XIII._Incertae_Sedis
sv-156,Fournierella massiliensis
sv-157,Anaerococcus
sv-158,Fusobacterium equinum/gonidiaformans
sv-159,Burkholderiaceae/Symphyonemataceae
sv-160,Clostridium amylolyticum
sv-161,Paraprevotella xylaniphila
sv-162,Paraprevotella clara
sv-163,Megasphaera massiliensis
sv-164,Peptococcaceae/Clostridiaceae/Christensenellaceae
sv-165,Prevotellaceae/Barnesiellaceae
sv-166,Butyricimonas virosa
sv-167,Cetobacterium somerae
sv-168,Desulfobacteraceae
sv-169,Fusobacterium varium
sv-170,Prevotellamassilia timonensis
sv-171,Fusobacterium mortiferum
sv-172,Fusobacterium nucleatum
sv-173,Faecalibacterium prausnitzii
sv-174,Colibacter massiliensis
sv-175,Vallitalea
sv-176,Selenomonas felix
sv-177,Oribacterium parvum
sv-178,Lawsonibacter
sv-179,Bifidobacterium adolescentis/longum
sv-180,Vallitalea/Abyssivirga
sv-181,[Clostridium] algidixylanolyticum/xylanolyticum
sv-182,Fusicatenibacter saccharivorans
sv-183,Bacteroides dorei/vulgatus
sv-184,Selenomonas sputigena
sv-185,Pseudoflavonifractor capillosus
sv-186,Ruminiclostridium cellulolyticum/josui
sv-187,Olsenella mediterranea/provencensis
sv-188,Dysgonomonas mossii
sv-189,Ruminococcaceae
sv-190,Pseudomonas moorei/putida
sv-191,Neglecta timonensis
sv-192,Emergencia timonensis
sv-193,Enterobacter cloacae
sv-194,Tyzzerella nexilis
sv-195,Cellulosilyticum lentocellum
sv-196,Clostridium paraputrificum
sv-197,[Clostridium] polysaccharolyticum
sv-198,Mesorhizobium
sv-199,Holdemania filiformis
sv-200,Erysipelatoclostridium/Spiroplasma
sv-201,Prevotella nanceiensis
sv-202,Lactobacillus ruminis
sv-203,Acinetobacter indicus
sv-204,Acutalibacter
sv-205,Lactobacillus salivarius
sv-206,Clostridium/Eubacterium
sv-207,Clostridium_carnis/Casaltella_massiliensis
sv-208,Rothia dentocariosa
sv-209,Clostridiaceae/Christensenellaceae
sv-210,Bacteroidaceae
sv-211,Lachnoclostridium phytofermentans
sv-212,Hungateiclostridiaceae/Clostridiaceae/Ruminococcaceae
sv-213,Fretibacterium
sv-214,Ralstonia insidiosa/syzygii
sv-215,Stomatobaculum
sv-216,Bacteroides togonis
sv-217,Peptoniphilus lacrimalis
sv-218,Coprobacter
sv-219,Burkholderiales Genera incertae sedis
sv-220,Thermoanaerobacteraceae
sv-221,Parabacteroides
sv-222,Pantoea agglomerans/eucalypti
sv-223,Bacillaceae
sv-224,Proteiniclasticum
sv-225,Drancourtella_massiliensis/Sellimonas_intestinalis
sv-226,Pyramidobacter piscolens
sv-227,Anaerofustis
sv-228,Clostridium/Christensenella
sv-229,Bacteroides luti
sv-230,Streptococcus equinus/infantarius
sv-231,Desulfatiglans
sv-232,Peptococcaceae/Syntrophomonadaceae
sv-233,Flavobacterium
sv-234,Salmonella_enterica/Klebsiella_pneumoniae
sv-235,Holosporales
sv-236,Oscillibacter ruminantium
sv-237,Bacteroides clarus
sv-238,Acetatifactor
sv-239,Muribaculum intestinale
sv-240,Erysipelotrichaceae
sv-241,Gordonibacter
sv-242,Puniceicoccaceae
sv-243,Mitsuokella multacida
sv-244,Mitsuokella
sv-245,Aggregatibacter aphrophilus/kilianii
sv-246,Enterococcus
sv-247,Pseudomonas fluorescens group
sv-248,Hyphomicrobiaceae
sv-249,Megamonas funiformis
sv-250,Howardella
sv-251,Subdoligranulum
sv-252,Escherichia_coli/Shigella_boydii/Shigella_flexneri
sv-253,Emergencia
sv-254,Paraburkholderia
sv-255,Lachnospiraceae/Eubacteriaceae/Clostridiaceae
sv-256,Eggerthellaceae/Coriobacteriaceae
sv-257,Sutterella parvirubra
sv-258,Alistipes putredinis
sv-259,Prevotella colorans
sv-260,Belnapia
sv-261,Salmonella enterica
sv-262,Neobitarella
sv-263,Desulfovibrionales
sv-264,Catabacter hongkongensis
sv-265,Lactobacillus timonensis
sv-266,Staphylococcus haemolyticus
sv-267,Blautia
sv-268,Eubacteriaceae/Clostridiaceae
sv-269,Hungateiclostridiaceae
sv-270,Conservatibacter
sv-271,Butyricicoccus porcorum
sv-272,Lactobacillus
sv-273,Methylibium petroleiphilum
sv-274,Eubacterium/Fusobacterium
sv-275,Peptoniphilus
sv-276,Leuconostoc kimchii
sv-277,Streptococcus salivarius
sv-278,Streptococcus sanguinis
sv-279,Atopobium deltae
sv-280,Methanobrevibacter arboriphilus
sv-281,Streptococcus
sv-282,Coriobacteriia
sv-283,Marseillibacter
sv-284,Kosakonia cowanii
sv-285,Anaerococcus mediterraneensis
sv-286,Streptococcus mutans
sv-287,Fusicatenibacter
sv-288,Blautia hansenii/hominis/marasmi
sv-289,Peptoniphilus lacydonensis
sv-290,Anaerotignum lactatifermentans
sv-291,Murdochiella massiliensis
sv-292,Mogibacterium diversum/pumilum
sv-293,Intestinimonas massiliensis
sv-294,Anaerotruncus massiliensis
sv-295,Neisseria elongata
sv-296,Lachnospiraceae/Bacteroidaceae
sv-297,Coprococcus catus
sv-298,Selenomonas artemidis
sv-299,Intestinibacillus massiliensis
sv-300,Lactobacillus crispatus/gallinarum
sv-301,Bilophila
sv-302,Bilophila wadsworthia
sv-303,Niameybacter massiliensis
sv-304,Veillonella seminalis
sv-305,Mobilibacterium
sv-306,Corynebacterium
sv-307,Leuconostoc
sv-308,Agathobaculum
sv-309,Pseudoflavonifractor_capillosus/Intestinimonas_massiliensis
sv-310,Pelomonas
sv-311,Bifidobacterium pseudolongum
sv-312,Neisseria flavescens/perflava/subflava
sv-313,[Clostridium] asparagiforme/lavalense
sv-314,Massilimaliae
sv-315,Betaproteobacteria
sv-316,Gabonibacter
sv-317,Marinilabiliaceae
sv-318,Methanobacteriaceae
sv-319,Congobacterium
sv-320,Erysipelotrichaceae/Bacillaceae
sv-321,Bacteroides caccae
sv-322,Coprococcus/Butyrivibrio
sv-323,Erysipelatoclostridium
sv-324,Lachnoclostridium/Dorea
sv-325,Pseudoflavonifractor
sv-326,Erysipelotrichaceae/Bacillaceae/Christensenellaceae
sv-327,uncultured_Candidatus_Saccharibacteria_bacterium/TM7_phylum_sp._oral_taxon_349
sv-328,Firmicutes/Bacteroidetes_<Bacteroidetes>
sv-329,Megamonas funiformis/rupellensis
sv-330,Prevotellamassilia
sv-331,Pseudoalteromonas phenolica
sv-332,Bacteroidetes/Chlorobi group
sv-333,Pseudoflavonifractor/Clostridium
sv-334,Raoultibacter
sv-335,Lactobacillus gallinarum
sv-336,Bacillales/Erysipelotrichales
sv-337,unclassified Peptostreptococcaceae
sv-338,Corynebacterium durum
sv-339,Empedobacter falsenii
sv-340,Slackia faecicanis
sv-341,Ezakiella massiliensis/peruensis
sv-342,Glucerabacter
sv-343,Lactobacillus iners
sv-344,Prevotella nigrescens
sv-345,Prevotella melaninogenica
sv-346,Prevotella intermedia
sv-347,Prevotella disiens
sv-348,Prevotella veroralis
sv-349,Clostridiaceae/Acidaminococcaceae
sv-350,Prevotella oris
sv-351,Rhodobacter
sv-352,Tyzzerella
sv-353,Campylobacter gracilis
sv-354,Pelomonas aquatica/puraquae
sv-355,Papillibacter cinnamivorans
sv-356,Bacteroides vulgatus
sv-357,Bacteroides uniformis
sv-358,Parabacteroides distasonis
sv-359,Anaerotruncus colihominis
sv-360,unclassified Clostridiales
sv-361,Alistipes finegoldii/onderdonkii
sv-362,Erysipelotrichaceae/Christensenellaceae
sv-363,Staphylococcus
sv-364,Staphylococcus aureus
sv-365,Massilimicrobiota_timonensis/Varibaculum_timonense
sv-366,Terrabacteria group
sv-367,Aerococcaceae/Carnobacteriaceae
sv-368,Clostridium
sv-369,Enterococcus_sulfureus/Carnobacterium_divergens
sv-370,Burkholderiales
sv-371,Sellimonas intestinalis
sv-372,Erysipelotrichaceae/Mycoplasmataceae
sv-373,Streptococcus salivarius/thermophilus
sv-374,Ellagibacter
sv-375,Christensenellaceae
sv-376,Murdochiella
sv-377,Thermoclostridium
sv-378,Granulicatella adiacens
sv-379,Abiotrophia defectiva
sv-380,Pantoea agglomerans/ananatis
sv-381,Actinomycetaceae/Christensenellaceae
sv-382,Lactonifactor longoviformis
sv-383,Clostridiales_Family_XII._Incertae_Sedis/Clostridiales_Family_XIII._Incertae_Sedis
sv-384,Actinomyces israelii
sv-385,Rubneribacter badeniensis
sv-386,[Clostridium] saccharogumia
sv-387,Acidaminococcus fermentans/provencensis/timonensis
sv-388,Enteroscipio rubneri
sv-389,Ruminococcus champanellensis
sv-390,Enterococcus casseliflavus
sv-391,Actinomyces
sv-392,Actinomyces naeslundii
sv-393,Proteus mirabilis
sv-394,Pygmaiobacter massiliensis
sv-395,Morganella morganii
sv-396,Proteus <enterobacteria>
sv-397,Hungatella hathewayi
sv-398,Elusimicrobium
sv-399,Bacteroidetes <Bacteroidetes>
sv-400,Acinetobacter junii
sv-401,unclassified Lachnospiraceae
sv-402,Rikenellaceae/Bacteroidaceae
sv-403,Intestinibacter bartlettii
sv-404,Lactobacillus vaginalis
sv-405,unclassified_Saccharibacteria/environmental_samples_<bacteria
sv-406,phylum_Candidatus_Saccharibacteria>
sv-407,Bacillales
sv-408,Serratia marcescens
sv-409,Acinetobacter bouvetii/haemolyticus
sv-410,Prevotella denticola
sv-411,Bacteroides oleiciplenus/stercorirosoris
sv-412,Franconibacter/Pantoea
sv-413,Prevotella conceptionensis
sv-414,Anaerococcus provencensis
sv-415,Micrococcales
sv-416,Gemella haemolysans/morbillorum
sv-417,Bacteroides intestinalis
sv-418,Stenotrophomonas
sv-419,Stenotrophomonas maltophilia
sv-420,Bosea <a-proteobacteria>
sv-421,Staphylococcus saprophyticus
sv-422,Listeria monocytogenes
sv-423,Clostridiales/Actinomycetales/Erysipelotrichales
sv-424,Sporomusa
sv-425,Oscillospira
sv-426,Fusobacterium mortiferum/necrogenes
sv-427,Bordetella
sv-428,Shigella flexneri
sv-429,Enterorhabdus caecimuris/mucosicola
sv-430,Shigella boydii
sv-431,Shigella
sv-432,[Clostridium] dakarense
sv-433,Eubacterium/Bacteroides
sv-434,Erysipelotrichaceae/Bacteroidaceae
sv-435,Lactobacillus crispatus
sv-436,Bacteroides sartorii
sv-437,Breznakia
sv-438,Casaltella massiliensis
sv-439,Libanicoccus massiliensis
sv-440,Parabacteroides johnsonii
sv-441,Lachnoclostridium/Coprococcus
sv-442,Bosea vestrisii
sv-443,[Eubacterium] tenue
sv-444,Alistipes senegalensis/timonensis
sv-445,Absiella argi
sv-446,Ruminococcus callidus
sv-447,Ruminococcus bromii
sv-448,Leuconostoc garlicum/lactis
sv-449,Mobiluncus curtisii
sv-450,Clostridium perfringens
sv-451,Bacteroides rodentium
sv-452,Saccharofermentans
sv-453,Selenomonas
sv-454,Clostridium/Phascolarctobacterium
sv-455,Eggerthella lenta
sv-456,Eggerthella
sv-457,Veillonella tobetsuensis
sv-458,Dialister succinatiphilus
sv-459,Bacteria <bacteria>
sv-460,[Actinobacillus]_rossii/Actinobacillus_porcinus
sv-461,Parasutterella excrementihominis
sv-462,Barnesiella intestinihominis
sv-463,[Eubacterium] sulci
sv-464,Faecalimonas umbilicata
sv-465,Holdemania massiliensis
sv-466,Bacillus subtilis group
sv-467,Neisseria_elongata/Eikenella_corrodens
sv-468,Rhodospirillaceae
sv-469,Enterococcus caccae
sv-470,Turicibacter sanguinis
sv-471,Escherichia coli/fergusonii
sv-472,Terrimonas
sv-473,Muribaculum
sv-474,Veillonella denticariosi/parvula
sv-475,Rahnella/Serratia
sv-476,uncultured_Candidatus_Saccharibacteria_bacterium/TM7_phylum_sp._oral_taxon_437
sv-477,Bifidobacterium gallinarum/saeculare
sv-478,Staphylococcus simulans
sv-479,Verrucomicrobiales
sv-480,Lachnoclostridium/Bacteroides
sv-481,Evtepia
sv-482,Porphyromonas bennonis
sv-483,Mycoplasma salivarium
sv-484,Coprobacter fastidiosus
sv-485,Mailhella massiliensis
sv-486,Traorella massiliensis
sv-487,Anaeroplasmataceae
sv-488,Fusobacterium ulcerans
sv-489,Fusobacterium periodonticum
sv-490,Alloprevotella tannerae
sv-491,Syntrophomonas
sv-492,Vampirovibrio
sv-493,Coprococcus
sv-494,Clostridiales Family XII. Incertae Sedis
sv-495,Brochothrix thermosphacta
sv-496,Treponema pectinovorum
sv-497,Ruminococcus bicirculans
sv-498,[Clostridium] colinum
sv-499,Bacteroides cellulosilyticus
sv-500,Parasutterella
sv-501,Campylobacter showae
sv-502,Gemmiger
sv-503,[Clostridium] cocleatum
sv-504,Intestinimonas butyriciproducens
sv-505,Blautia marasmi
sv-506,Enterococcus canintestini
sv-507,Acinetobacter bohemicus
sv-508,Peptoniphilus coxii
sv-509,Anaeroplasma
sv-510,Chryseobacterium shigense/vrystaatense
sv-511,Lactobacillus apodemi/murinus
sv-512,Firmicutes/Actinobacteria_<actinobacteria>
sv-513,Lachnoanaerobaculum orale
sv-514,Bifidobacterium angulatum/merycicum
sv-515,Facklamia ignava
sv-516,Intestinibacter
sv-517,Syntrophomonadaceae
sv-518,Lagierella massiliensis
sv-519,Terrisporobacter
sv-520,Faecalicatena
sv-521,Dielma
sv-522,Veillonella atypica
sv-523,Rhizobiales
sv-524,Streptococcus australis/infantis/peroris
sv-525,[Clostridium] methoxybenzovorans
sv-526,Veillonella dispar
sv-527,Lactobacillus fermentum
sv-528,Actinobacteria <actinobacteria>
sv-529,Odoribacter laneus
sv-530,Bacteroides ovatus
sv-531,Proteobacteria
sv-532,Prevotella stercorea
sv-533,Ralstonia pickettii
sv-534,Caloramator
sv-535,Raoultibacter timonensis
sv-536,Micrococcaceae/Actinomycetaceae
sv-537,Lachnospiraceae
sv-538,Clostridiales
sv-539,Clostridia
sv-540,Varibaculum anthropi/cambriense
sv-541,Peptococcaceae
sv-542,Eubacteriaceae
sv-543,Peptostreptococcaceae
sv-544,Actinomyces naeslundii/oris
sv-545,Selenomonas noxia
sv-546,Clostridiaceae/Ruminococcaceae
sv-547,Hungatella
sv-548,Bacteroides acidifaciens
sv-549,Methanosphaera cuniculi
sv-550,Kineothrix alysoides
sv-551,Butyrivibrio fibrisolvens
sv-552,Robinsoniella peoriensis
sv-553,Alistipes/Bacteroides
sv-554,Pseudomonas veronii
sv-555,Dorea/Coprococcus
sv-556,Megamonas
sv-557,Parabacteroides/Bacteroides
sv-558,Alistipes ihumii
sv-559,Acidaminococcaceae
sv-560,Butyricimonas faecihominis
sv-561,Candidatus Stoquefichus
sv-562,Frisingicoccus caecimuris
sv-563,Longicatena caecimuris
sv-564,Muricomes intestini
sv-565,Bifidobacterium bifidum
sv-566,Bifidobacterium adolescentis
sv-567,Massilia timonae
sv-568,Massilimicrobiota timonensis
sv-569,Macellibacteroides
sv-570,Peptoniphilus pacaensis
sv-571,Romboutsia timonensis
sv-572,Bifidobacterium dentium
sv-573,Eisenbergiella
sv-574,Eisenbergiella tayi
sv-575,Centipeda <firmicutes>
sv-576,Streptococcus constellatus
sv-577,environmental samples <bacteria
sv-578,phylum Candidatus Saccharibacteria>
sv-579,Intestinibacillus
sv-580,Monoglobus
sv-581,Anaerostipes hadrus
sv-582,Paraclostridium
sv-583,Prevotella amnii
sv-584,Ruminococcus
sv-585,Peptostreptococcus anaerobius
sv-586,Finegoldia magna
sv-587,Clostridium ventriculi
sv-588,Ruminococcus flavefaciens
sv-589,Ruminococcus albus
sv-590,Weissella cibaria/confusa
sv-591,Euryarchaeota/Bacteroidetes_<Bacteroidetes>
sv-592,Xanthomonadaceae
sv-593,Massiliprevotella
sv-594,Mitsuokella/Selenomonas
sv-595,Mordavella
sv-596,Mycoplasma hominis
sv-597,Bariatricus
sv-598,Enterorhabdus
sv-599,Erysipelatoclostridium ramosum
sv-600,Rothia mucilaginosa
sv-601,Citrobacter amalonaticus/murliniae
sv-602,Lactobacillus gasseri/johnsonii
sv-603,Anaerotruncus rubiinfantis
sv-604,Ewingella_americana/Serratia_fonticola
sv-605,Parabacteroides bouchesdurhonensis
sv-606,Collinsella intestinalis/stercoris
sv-607,Leptotrichia
sv-608,Klebsiella pneumoniae/quasipneumoniae
sv-609,Enterobacteriaceae
sv-610,Veillonella parvula/rogosae
sv-611,Bacillus pumilus
sv-612,Citrobacter freundii
sv-613,Bifidobacterium catenulatum
sv-614,Citrobacter koseri
sv-615,Akkermansia
sv-616,Acidovorax delafieldii
sv-617,Oscillospiraceae
sv-618,Butyricicoccus
sv-619,Bacteroides_luti/Methanobrevibacter_smithii
sv-620,Guggenheimella
sv-621,Ruminiclostridium
sv-622,Streptococcus pneumoniae
sv-623,Streptococcus agalactiae
sv-624,Christensenella
sv-625,Enterococcus faecalis/faecium
sv-626,Streptococcus oralis
sv-627,Streptococcus parasanguinis
sv-628,Paeniclostridium sordellii
sv-629,Tidjanibacter
sv-630,Providencia alcalifaciens/rettgeri/vermicola
sv-631,Planctomycetaceae
sv-632,Lachnospiraceae/Hungateiclostridiaceae
sv-633,Enterococcus aquimarinus/inusitatus
sv-634,Fusobacterium necrophorum
sv-635,Varibaculum timonense
sv-636,Muribaculaceae
sv-637,Oribacterium asaccharolyticum
sv-638,Porphyromonadaceae/Bacteroidaceae
sv-639,Clostridium celatum/disporicum
sv-640,Clostridium disporicum
sv-641,Clostridiales Family XIII. Incertae Sedis
sv-642,Faecalicatena fissicatena
sv-643,Alloscardovia omnicolens
sv-644,Drancourtella
sv-645,Olsenella scatoligenes
sv-646,Beduinibacterium
sv-647,Bacillus <firmicutes>
sv-648,Atopobium
sv-649,Peptostreptococcus stomatis
sv-650,Atopobium parvulum
sv-651,Atopobium rimae
sv-652,Heliobacteriaceae
sv-653,Prevotella pallens
sv-654,Acetitomaculum
sv-655,Tannerella
sv-656,Coprococcus eutactus
sv-657,Stenotrophomonas maltophilia group
sv-658,Rhodobacteraceae
sv-659,Anaerocolumna
sv-660,Duodenibacillus massiliensis
sv-661,Absiella
sv-662,Staphylococcus epidermidis/hominis
sv-663,Alphaproteobacteria
sv-664,Flavobacteriales
sv-665,Faecalibacterium
sv-666,Butyrivibrio
sv-667,Psychrobacter
sv-668,Porphyromonas
sv-669,Enterobacterales
sv-670,Anaerostipes caccae
sv-671,Oribacterium
sv-672,Prevotella
sv-673,[Clostridium] hiranonis
sv-674,[Clostridium] hylemonae
sv-675,Sutterellaceae
sv-676,Lawsonibacter asaccharolyticus
sv-677,Prevotella corporis
sv-678,Akkermansia muciniphila
sv-679,Sporobacter
sv-680,Porphyromonas endodontalis
sv-681,Prevotella bivia
sv-682,Prevotella buccae
sv-683,Prevotella buccalis
sv-684,Desulfovibrio fairfieldensis
sv-685,Eubacterium/Faecalicatena
sv-686,Ruthenibacterium lactatiformans
sv-687,Porphyromonas asaccharolytica
sv-688,Comamonas_aquatica/Delftia_acidovorans
sv-689,Bacteroides caecimuris
sv-690,[Clostridium] citroniae
sv-691,[Clostridium] aldenense
sv-692,Collinsella aerofaciens
sv-693,Candidatus Peptoniphilus massiliensis
sv-694,Moryella
sv-695,Mesosutterella
sv-696,Carnobacterium maltaromaticum
sv-697,Arabia massiliensis
sv-698,Holdemanella
sv-699,Firmicutes
sv-700,Cloacibacillus evryensis
sv-701,[Eubacterium] brachy
sv-702,Marinifilaceae
sv-703,Klebsiella_variicola/Enterobacter_asburiae
sv-704,Intestinimonas timonensis
sv-705,Veillonella parvula
sv-706,Mogibacterium timidum
sv-707,Stomatobaculum longum
sv-708,[Clostridium] celerecrescens/sphenoides
sv-709,Clostridiaceae
sv-710,Lactobacillales
sv-711,Enterococcus/Vagococcus
sv-712,delta/epsilon subdivisions
sv-713,Absiella dolichum
sv-714,Lachnoclostridium/Mediterraneibacter
sv-715,Mogibacterium
sv-716,Veillonellaceae
sv-717,Bacteroides finegoldii/thetaiotaomicron
sv-718,Bacteroides stercorirosoris
sv-719,Afipia/Bosea_<a-proteobacteria>
sv-720,Campylobacter rectus/showae
sv-721,Blastopirellula
sv-722,Anaerotignum/Blautia
sv-723,Sphingopyxis alaskensis/chilensis
sv-724,Dialister propionicifaciens
sv-725,Klebsiella oxytoca
sv-726,Peptoniphilus obesi
sv-727,Dysgonomonas
sv-728,Dysosmobacter
sv-729,Massilioclostridium
sv-730,Coprobacillus cateniformis
sv-731,Flavobacterium oncorhynchi/plurextorum
sv-732,Catenibacterium mitsuokai
sv-733,Merdimonas
sv-734,Haemophilus haemolyticus/influenzae
sv-735,Coprobacillus
sv-736,Mannheimia
sv-737,Muriicola
sv-738,Azoarcus
sv-739,Agathobaculum butyriciproducens
sv-740,Acinetobacter seohaensis/towneri
sv-741,Streptococcus oralis/pneumoniae
sv-742,Fournierella
sv-743,Lactobacillus casei
sv-744,Lactobacillus brevis
sv-745,Lactobacillus buchneri
sv-746,Dysosmobacter welbionis
sv-747,Lactobacillus delbrueckii
sv-748,Gabonia
sv-749,Haemophilus parahaemolyticus
sv-750,Enterococcus/Carnobacterium
sv-751,Aggregatibacter segnis
sv-752,Succinivibrio
sv-753,Kingella oralis
sv-754,Methanomassiliicoccus
sv-755,Lactococcus lactis
sv-756,Agathobacter
sv-757,Murimonas intestini
sv-758,Bacteroidales
sv-759,Parabacteroides timonensis
sv-760,Mobilibacterium timonense
sv-761,Blautia glucerasea
sv-762,Flavobacterium/Enterobacter
sv-763,Enterococcus hirae
sv-764,Gemella haemolysans
sv-765,Escherichia_coli/Shigella_sonnei
sv-766,Microbacteriaceae
sv-767,Porphyromonas asaccharolytica/uenonis
sv-768,Escherichia_coli/Shigella_flexneri
sv-769,Coprobacter_secundus/Gabonia_massiliensis
sv-770,Gemella
sv-771,Monoglobus pectinilyticus
sv-772,Bacteroides salyersiae
sv-773,Treponema succinifaciens
sv-774,Butyricimonas
sv-775,Clostridium sartagoforme/tertium
sv-776,Megasphaera elsdenii
sv-777,Slackia
sv-778,Ruminococcus/Blautia
sv-779,Fusobacterium hwasookii/nucleatum
sv-780,Oligella urethralis
sv-781,Streptococcus gallolyticus
sv-782,Peptococcaceae/Clostridiaceae
sv-783,Arcanobacterium
sv-784,[Clostridium] sphenoides
sv-785,Coriobacteriaceae
sv-786,Caedimonadaceae
sv-787,Enterococcaceae
sv-788,unclassified Tissierellia
sv-789,Ruminococcus lactaris
sv-790,Schaalia odontolytica
sv-791,[Clostridium] symbiosum
sv-792,Acidaminococcus
sv-793,Candidatus Borkfalkia
sv-794,Corynebacterium argentoratense
sv-795,Prevotella oralis
sv-796,Lactococcus
sv-797,Schaalia
sv-798,Lactobacillus apis
sv-799,Anaerotignum
sv-800,Dielma fastidiosa
sv-801,Fluviicola
sv-802,Actinomycetaceae
sv-803,Pseudoflavonifractor_capillosus/Clostridium_phoceensis
sv-804,Citrobacter freundii complex
sv-805,Scardovia wiggsiae
sv-806,Cloacibacterium
sv-807,Desulfovibrio desulfuricans
sv-808,Neisseria perflava
sv-809,Desulfovibrio
sv-810,Mediterraneibacter massiliensis
sv-811,Intestinimonas
sv-812,Peptococcus niger
sv-813,Peptococcus
sv-814,Helicobacter pullorum
sv-815,Clostridiales/Erysipelotrichales
sv-816,Varibaculum
sv-817,Lactobacillus hokkaidonensis
sv-818,Comamonas aquatica
sv-819,Leuconostoc gelidum
sv-820,Chryseobacterium
sv-821,Acinetobacter ursingii
sv-822,Dysosmobacter/Oscillibacter
sv-823,Treponema medium
sv-824,Levyella
sv-825,Lachnoclostridium pacaense
sv-826,Blautia massiliensis
sv-827,Selenomonadaceae
sv-828,Weissella paramesenteroides
sv-829,Lachnospiraceae/Clostridiaceae
sv-830,Haemophilus parainfluenzae/pittmaniae
sv-831,[Clostridium] spiroforme
sv-832,[Clostridium] scindens
sv-833,Bacteroides plebeius
sv-834,Dorea/Blautia
sv-835,Coprococcus_phoceensis/Tyzzerella_nexilis
sv-836,Haemophilus sputorum
sv-837,Bacillus litoralis
sv-838,Neobitarella massiliensis
sv-839,Adlercreutzia equolifaciens
sv-840,Eubacterium/Roseburia
sv-841,Anaerococcus prevotii/tetradius
sv-842,Metaprevotella
sv-843,Parvimonas
sv-844,Lactobacillus agilis
sv-845,Culturomica
sv-846,Caecibacter
sv-847,[Clostridium] indolis
sv-848,Marseilla
sv-849,Colidextribacter
sv-850,Peptoniphilus grossensis/harei
sv-851,Peptoniphilaceae
sv-852,Olsenella umbonata
sv-853,Candidatus Amulumruptor
sv-854,Bacteroides eggerthii
sv-855,Porphyromonas somerae
sv-856,Anaerofilum
sv-857,Anaerobutyricum
sv-858,Peptostreptococcus
sv-859,Phascolarctobacterium
sv-860,Odoribacter splanchnicus
sv-861,Streptococcus thermophilus
sv-862,Cardiobacterium valvarum
sv-863,Collinsella
sv-864,Bacteroides coprocola
sv-865,Anaerotruncus
sv-866,Helicobacter cinaedi
sv-867,Helicobacter pylori
sv-868,PVC group
sv-869,Lachnospiraceae/Eubacteriaceae
sv-870,Ruminococcus/Bacteroides
sv-871,Lawsonella clevelandensis
sv-872,Tissierellaceae/Gottschalkiaceae
sv-873,Prevotella lascolaii
sv-874,Eubacterium coprostanoligenes
sv-875,Eubacterium maltosivorans
sv-876,Raoultella ornithinolytica
sv-877,Provencibacterium_massiliense/Harryflintia_acetispora
sv-878,Lactonifactor
sv-879,Odoribacteraceae
sv-880,Longibaculum muris
sv-881,Faecalicoccus
sv-882,Pectobacteriaceae
sv-883,Cloacibacillus
sv-884,Lactobacillus casei group
sv-885,Veillonella
sv-886,Phascolarctobacterium succinatutens
sv-887,Extibacter muris
sv-888,Prevotella histicola
sv-889,Selenomonadales
sv-890,Enterococcus asini
sv-891,Parasutterella secunda
sv-892,Bacteroides faecichinchillae/thetaiotaomicron
sv-893,Eubacterium/Butyrivibrio
sv-894,Dialister invisus
sv-895,Bifidobacterium
sv-896,Ruthenibacterium
sv-897,Fenollaria massiliensis/timonensis
sv-898,Pseudomonas aeruginosa
sv-899,Bacteroidales/Burkholderiales
sv-900,Dialister
sv-901,Alistipes
sv-902,Sneathia sanguinegens
sv-903,Sutterella
sv-904,Sutterella wadsworthensis
sv-905,Clostridiales/Verrucomicrobiales
sv-906,Micrococcus lylae
sv-907,Defluviitaleaceae/Lachnospiraceae
sv-908,Leptotrichiaceae
sv-909,Bacteroides gallinarum
sv-910,Campylobacter hominis
sv-911,Bacteroides barnesiae
sv-912,Roseburia faecis
sv-913,Bacteroides dorei
sv-914,Raoultella planticola
sv-915,Blautia/Bacteroides
sv-916,Bacteroides mediterraneensis
sv-917,Tannerella forsythia
sv-918,Bacteroides bouchesdurhonensis
sv-919,Anaeromassilibacillus
sv-920,Corynebacterium propinquum/pseudodiphtheriticum
sv-921,Clostridium subterminale
sv-922,Proteobacteria/Bacteroidetes_<Bacteroidetes>
sv-923,Bifidobacterium animalis
sv-924,Sutterella stercoricanis
sv-925,Bifidobacterium pseudocatenulatum
sv-926,Clostridium tertium
sv-927,Porphyromonadaceae/Barnesiellaceae
sv-928,Gardnerella vaginalis
sv-929,Gordonibacter pamelaeae
sv-930,Beijerinckia indica
sv-931,Arcanobacterium urinimassiliense
sv-932,Pseudomonas fluorescens/syringae
sv-933,[Ruminococcus]_gnavus/Dorea_longicatena
sv-934,Catenibacillus
sv-935,Clostridium bornimense
sv-936,Eikenella corrodens
sv-937,Blautia hansenii
sv-938,Faecalicoccus pleomorphus
sv-939,Campylobacter curvus
sv-940,Lactobacillus rhamnosus
sv-941,Bacteroides cutis
sv-942,Campylobacter rectus
sv-943,Lysobacter
sv-944,Dehalobacterium
sv-945,Massilimaliae massiliensis
sv-946,Blautia luti
sv-947,Atopobium vaginae
sv-948,Bacillus mojavensis subgroup
sv-949,Harryflintia acetispora
sv-950,Rhizobium
sv-951,Geodermatophilaceae
sv-952,Lachnoclostridium edouardi
sv-953,Erwinia_iniecta/Kluyvera_georgiana
sv-954,Pseudomonas koreensis
sv-955,Peptococcaceae/Christensenellaceae
sv-956,Methanobrevibacter
sv-957,Methanobrevibacter smithii
sv-958,Pediococcus acidilactici
sv-959,Pediococcus pentosaceus
sv-960,Clostridium beijerinckii
sv-961,Clostridium chauvoei
sv-962,[Clostridium] innocuum
sv-963,Bacillus coagulans
sv-964,Bacillus cereus
sv-965,Faecalitalea cylindroides
sv-966,Pseudonocardiaceae
sv-967,[Eubacterium] eligens
sv-968,Clostridium cadaveris
sv-969,Sutterella/Parasutterella
sv-970,Dorea formicigenerans
sv-971,Butyrivibrio crossotus
sv-972,Bacteroides caecigallinarum
sv-973,Clostridium/Methanobrevibacter
sv-974,Selenomonas infelix
sv-975,Longicatena
sv-976,Slackia isoflavoniconvertens
sv-977,Alterileibacterium massiliense
sv-978,Acetobacteraceae
sv-979,Pseudomonas putida
sv-980,Mediterraneibacter/Blautia
sv-981,Bacteroides finegoldii
sv-982,Papillibacter
sv-983,Prevotella salivae
sv-984,Erysipelotrichaceae/Anaeroplasmataceae
sv-985,Angelakisella
sv-986,Bacteroides xylanisolvens
sv-987,Campylobacter ureolyticus
sv-988,Catenibacterium
sv-989,Actinomyces marseillensis
sv-990,Oxalobacter formigenes
sv-991,Oxalobacter
sv-992,Blautia luti/wexlerae
sv-993,Roseburia
sv-994,Atopobium minutum
sv-995,Defluviitaleaceae/Lachnospiraceae/Clostridiaceae
sv-996,Butyricicoccus pullicaecorum
sv-997,Fusobacterium
sv-998,Erysipelotrichaceae/Clostridiaceae
sv-999,Alistipes senegalensis
sv-1000,Cyanobacteria/Melainabacteria group
sv-1001,Herbinix
sv-1002,Methanobacteriaceae/Christensenellaceae
sv-1003,Mediterraneibacter butyricigenes
sv-1004,Desulfohalobiaceae
sv-1005,Lachnoclostridium
sv-1006,Frisingicoccus
sv-1007,Mediterraneibacter
sv-1008,Lactobacillus kefiri/otakiensis
sv-1009,Solobacterium moorei
sv-1010,Lachnospiraceae/Ruminococcaceae
sv-1011,unclassified Ruminococcaceae
sv-1012,Oscillospiraceae/Ruminococcaceae
sv-1013,Flavonifractor plautii
sv-1014,Enterobacter_hormaechei/Leclercia_adecarboxylata
sv-1015,Lactobacillus helveticus
sv-1016,Eubacterium/Coprococcus
sv-1017,Urinacoccus massiliensis
sv-1018,Aeromonas popoffii/veronii
sv-1019,Blautia hydrogenotrophica
sv-1020,Lactobacillus versmoldensis
sv-1021,Citrobacter amalonaticus
sv-1022,Pseudomonas monteilii/putida
sv-1023,Mollicutes
sv-1024,Faecalicatena contorta
sv-1025,unclassified Archaea (miscellaneous)
sv-1026,Bifidobacterium breve/longum
sv-1027,Pedobacter
sv-1028,Eubacterium
sv-1029,Ruminococcus faecis
sv-1030,Eubacterium oxidoreducens
sv-1031,Holdemanella biformis
sv-1032,Eubacteriaceae/Clostridiales_Family_XIII._Incertae_Sedis
sv-1033,Eubacterium limosum
sv-1034,Barnesiella
sv-1035,Bacteroides cellulosilyticus/uniformis
sv-1036,Anaerofustis stercorihominis
sv-1037,Megasphaera cerevisiae
sv-1038,Paeniclostridium
sv-1039,Alistipes finegoldii
sv-1040,Streptococcus anginosus
sv-1041,Cloacibacillus_porcorum/Methanobrevibacter_smithii
sv-1042,Hafnia
sv-1043,Hafnia alvei
sv-1044,Anaerotignum neopropionicum/propionicum
sv-1045,Dakarella
sv-1046,Prevotella copri
sv-1047,Escherichia
sv-1048,Escherichia coli
sv-1049,Turicibacter
sv-1050,Atlantibacter hermannii
sv-1051,Gabonibacter massiliensis
sv-1052,Dorea
sv-1053,Dolosigranulum pigrum
sv-1054,Leuconostoc pseudomesenteroides
sv-1055,Lactobacillus plantarum
sv-1056,Oribacterium sinus
sv-1057,Negativicutes
sv-1058,Lactobacillus sakei
sv-1059,Lactobacillus reuteri
sv-1060,Alloprevotella
sv-1061,Clostridiales incertae sedis
sv-1062,Bacteroides fluxus
sv-1063,Defluviitaleaceae
sv-1064,Alistipes indistinctus
sv-1065,Turicimonas muris
sv-1066,Slackia piriformis
sv-1067,Collinsella tanakaei
sv-1068,Mesosutterella multiformis
sv-1069,Christensenella minuta
sv-1070,Enterococcus faecium
sv-1071,Bacteroides ovatus/xylanisolvens
sv-1072,Selenomonas bovis
sv-1073,Erysipelatoclostridium/Massilimicrobiota
sv-1074,Haemophilus influenzae
sv-1075,uncultured Candidatus Saccharibacteria bacterium
sv-1076,Blautia luti/massiliensis
sv-1077,Actinobacteria <high GC Gram+>
sv-1078,Blautia hansenii/hominis
sv-1079,Aminicella
sv-1080,Lachnoclostridium_edouardi/[Clostridium]_aldenense
sv-1081,Shigella dysenteriae
sv-1082,Anaerostipes rhamnosivorans
sv-1083,Haemophilus parainfluenzae
sv-1084,Peptoniphilus asaccharolyticus/harei
sv-1085,Leuconostoc gelidum/inhae
sv-1086,Treponema
sv-1087,Angelakisella massiliensis
sv-1088,Niameybacter
sv-1089,Senegalimassilia
sv-1090,Peptoniphilus duerdenii
sv-1091,Prevotellaceae
sv-1092,Porphyromonadaceae
sv-1093,Rikenellaceae
sv-1094,Phocea massiliensis
sv-1095,Rikenellaceae/Porphyromonadaceae
sv-1096,Merdibacter
sv-1097,Romboutsia
sv-1098,Beduini massiliensis
sv-1099,Odoribacter
sv-1100,Afipia/Oligotropha
sv-1101,Lautropia mirabilis
sv-1102,[Clostridium] asparagiforme
sv-1103,Synergistaceae
sv-1104,Moraxellaceae
sv-1105,Lactococcus raffinolactis
sv-1106,Eisenbergiella massiliensis
sv-1107,Lactobacillus algidus
sv-1108,Alistipes shahii
sv-1109,Neglecta
sv-1110,Parabacteroides goldsteinii
sv-1111,Lactococcus piscium
sv-1112,Hungateiclostridium
sv-1113,[Clostridium] algidixylanolyticum
sv-1114,Deinococcus radiodurans
sv-1115,Parabacteroides faecis
sv-1116,Lachnoclostridium_pacaense/[Clostridium]_aldenense
sv-1117,[Clostridium] methylpentosum
sv-1118,Clostridium baratii
sv-1119,Murdochiella_asaccharolytica/Levyella_massiliensis
sv-1120,Enterococcus faecalis
sv-1121,Loriellopsis cavernicola
sv-1122,Actinomyces graevenitzii
sv-1123,Bacteroides stercoris
sv-1124,Prevotella timonensis
sv-1125,Thermoleophilia
sv-1126,Parabacteroides merdae
sv-1127,Coprococcus phoceensis
sv-1128,Oscillibacter
sv-1129,Massilioclostridium coli
sv-1130,Ezakiella
sv-1131,Tyzzerella/Faecalicatena
sv-1132,Mitsuokella jalaludinii
sv-1133,Tissierella
sv-1134,Lactobacillus acidophilus/crispatus
sv-1135,Porphyromonas uenonis
sv-1136,Alloprevotella rava
sv-1137,Bifidobacterium longum
sv-1138,Mycobacterium
sv-1139,Neisseria meningitidis
sv-1140,Parabacteroides gordonii
sv-1141,Neisseria flavescens
sv-1142,Actinomyces massiliensis
sv-1143,Neisseria
sv-1144,Methanobrevibacter oralis
sv-1145,Bacteroides coprophilus
sv-1146,Paraeggerthella hongkongensis
sv-1147,Olsenella
sv-1148,Desulfovibrionaceae
sv-1149,Yersiniaceae
sv-1150,Actinomycetales/Erysipelotrichales
sv-1151,Atlantibacter/Enterobacter
sv-1152,Bacteroides congonensis
sv-1153,[Clostridium] saccharolyticum
sv-1154,Acinetobacter baumannii
sv-1155,Acinetobacter calcoaceticus
sv-1156,Acidaminococcus timonensis
sv-1157,Lactococcus garvieae
sv-1158,Neisseria flavescens/subflava
sv-1159,Lactobacillus mucosae
sv-1160,Bacteroides massiliensis
